config_hash	model	dataset	trained	restarts	OPTIM	cost_fn	indices	weights	init	tv	rec_loss	psnr	test_mse	feat_mse	target_id	seed	epochs
4e7681a93915b24687834c74cb88f435	ResNet18	CIFAR100	False	3	ours	sim_cmpr0	top10	equal	randn	1e-06	0.06594628095626831	9.356285095214844	0.1348021924495697	0.007983731105923653	1000	0	120
4e7681a93915b24687834c74cb88f435	ResNet18	CIFAR100	False	3	ours	sim_cmpr0	top10	equal	randn	1e-06	0.06427806615829468	9.338899612426758	0.13584095239639282	0.007776306476444006	1000	0	120
4e7681a93915b24687834c74cb88f435	ResNet18	CIFAR100	False	3	ours	sim_cmpr0	top10	equal	randn	1e-06	0.06500357389450073	9.259626388549805	0.1381814330816269	0.00824667513370514	1000	0	120
