number_of_samples	timing	mean	std	max	min	median
1	0:00:27.088843	9.356285095214844	0.0	9.356285095214844	9.356285095214844	9.356285095214844
1	0:00:24.614752	9.338899612426758	0.0	9.338899612426758	9.338899612426758	9.338899612426758
1	0:00:40.171985	9.259626388549805	0.0	9.259626388549805	9.259626388549805	9.259626388549805
