target_id	psnr
1000	9.356285095214844
1000	9.338899612426758
1000	9.259626388549805
